almaty;Алматы
amsterdam;Амстердаме
ankara;Анкаре
bad_hersfeld;Бэр Нерсфильде
barcelona;Барселоне
barnaul;Барнауле
bogota;Боготе
budapest;Будапеште
buffalo;Буффало
byronbay;Байрон-Бей
caracas;Каракасе
chelyabinsk;Челябинске
chiangmai;Чианг Мае
chisinau;Кишинёве
delhi;Дели
derbent;Дербенте
dnepropetrovsk;Днепропетровске
donetsk;Донецке
dublin;Дублине
guadalajara;Гвадалахаре
haifa;Хайфе
heilbronn;Хайльбронне
helsinki;Хельсинки
herson;Херсоне
honolulu;Гонолулу
istanbul;Истанбуле
izhevsk;Ижевске
johannesburg;Йоханнесбурге
kazan;Казани
kaluga;Калуге
khabarovsk;Хабаровске
khanty-mansiysk;Ханты-Мансийске
kharkiv;Харькове
kostroma;Костроме
krasnodar;Краснодаре
krasnoyarsk;Красноярске
kuala_lumpur;Куала-Лумпур
kyiv;Киеве
lima;Лиме
linkoeping;Линчёпинге
lisbon;Лиссабоне
london;Лондоне
luhansk;Луганске
luxembourg;Люксембурге
lviv;Львове
maalot_tarshiha;Маалот-Таршихе
manila;Маниле
merida;Мерида
mexico_city;Мехико
miami;Майями
milan;Милане
minsk;Минске
morelia;Морелии
moscow;Москве
nabadwip;Навадвипе
new_york;Нью-Йорке
nizhny_novgorod;Нижнем Новгороде
novgorod_the_great;Великом Новгороде
novosibirsk;Новосибирске
odessa;Одессе
omsk;Омске
orenburg;Оренбурге
orsk;Орске
oslo;Осло
paernu;Пярну
perm;Перми
petropavl;Петропавловске
petropavlovsk_kamchatsky;Петропавловске-Камчатском
petrozavodsk;Петрозаводске
port_luis;Порт-Луи
prague;Праге
quito;Киото
riga;Риге
rome;Риме
rostov_on_don;Ростове-на-Дону
saint_petersburg;Санкт-Петербурге
salt_lake_city;Солт-Лейк-Сити
samara;Самаре
saratov;Саратове
san_luis_potosi;Сан-Луи-Потоси
san_francisco;Сан-Франциско
san_paulo;Сан-Паулу
shenzhen;Шеньжене
simferopol;Симферополе
singapore;Сингапуре
smolensk;Смоленске
sochi;Сочи
soquel;Соквеле
stavropol;Ставрополе
sukhum;Сухуме
surgut;Сургуте
sydney;Сиднее
tambov;Тамбове
tampere;Тампере
tijuana;Тихуане
timmins;Тимминсе
tolyatti;Тольятти
tuapse;Туапсе
tomsk;Томске
ufa;Уфе
vancouver;Ванкувере
veracruz;Веракрузе
vinnitsa;Виннице
vladivostok;Владивостоке
volgograd;Волгограде
voronezh;Воронеже
vrindavan;Вриндаване
wroclaw;Вроцлаве
yaroslavl;Ярославле
yekaterinburg;Екатеринбурге
yoshkar_ola;Йошкар-Оле
yuzhno_sakhalinsk;Южно-Сахалинске
zaporizhia;Запорожье
